in,out,dis,value
0,0,0.0,0
0,1,12.36931687685298,0
0,2,19.209372712298546,0
0,3,31.064449134018133,0
0,4,22.20360331117452,0
0,5,16.76305461424021,0
0,6,22.825424421026653,0
0,7,11.661903789690601,0
0,8,24.20743687382041,0
0,9,34.0147027033899,0
0,10,12.083045973594572,0
0,11,20.8806130178211,0
0,12,41.86884283091664,0
0,13,26.92582403567252,0
0,14,36.013886210738214,0
0,15,18.601075237738275,0
0,16,30.675723300355934,0
0,17,27.586228448267445,0
0,18,45.79301256742124,0
0,19,20.8806130178211,0
0,20,26.92582403567252,0
0,21,7.0710678118654755,0
0,22,21.587033144922902,0
0,23,29.0,0
0,24,33.1058907144937,0
0,25,18.867962264113206,0
0,26,8.06225774829855,0
0,27,16.15549442140351,0
0,28,21.37755832643195,0
0,29,32.64965543462902,0
0,30,17.0,0
0,31,6.082762530298219,0
0,32,42.95346318982906,0
0,33,30.610455730027933,0
0,34,27.313000567495326,0
0,35,31.064449134018133,0
0,36,30.4138126514911,0
0,37,18.788294228055936,0
0,38,43.04648650006177,0
0,39,56.0357029044876,0
0,40,44.204072210600685,0
0,41,44.94441010848846,0
0,42,34.17601498127012,0
0,43,37.656340767525464,0
0,44,42.04759208325728,0
0,45,13.92838827718412,0
0,46,23.323807579381203,0
0,47,12.36931687685298,0
0,48,26.40075756488817,0
0,49,24.20743687382041,0
0,50,13.892443989449804,0
1,0,12.36931687685298,0
1,1,0.0,0
1,2,15.297058540778355,0
1,3,37.013511046643494,0
1,4,21.02379604162864,0
1,5,28.071337695236398,0
1,6,34.92849839314596,0
1,7,22.20360331117452,0
1,8,16.278820596099706,0
1,9,28.071337695236398,0
1,10,10.63014581273465,0
1,11,24.758836806279895,0
1,12,50.11985634456667,0
1,13,37.656340767525464,0
1,14,35.4682957019364,0
1,15,8.54400374531753,0
1,16,34.058772731852805,0
1,17,35.77708763999664,0
1,18,50.91168824543142,0
1,19,12.041594578792296,0
1,20,14.7648230602334,0
1,21,10.63014581273465,0
1,22,33.95585369269929,0
1,23,41.10960958218893,0
1,24,43.41658669218482,0
1,25,29.068883707497267,0
1,26,19.026297590440446,0
1,27,18.973665961010276,0
1,28,9.055385138137417,0
1,29,23.769728648009426,0
1,30,23.323807579381203,0
1,31,11.40175425099138,0
1,32,39.11521443121589,0
1,33,20.0,0
1,34,19.1049731745428,0
1,35,24.413111231467404,0
1,36,31.906112267087632,0
1,37,14.560219778561036,0
1,38,35.4400902933387,0
1,39,61.5223536610881,0
1,40,50.44799302251776,0
1,41,48.010415536631214,0
1,42,46.486557196677836,0
1,43,38.948684188300895,0
1,44,40.26164427839479,0
1,45,19.72308292331602,0
1,46,29.410882339705484,0
1,47,24.73863375370596,0
1,48,21.02379604162864,0
1,49,13.892443989449804,0
1,50,21.02379604162864,0
2,0,19.209372712298546,0
2,1,15.297058540778355,0
2,2,0.0,0
2,3,49.678969393496885,0
2,4,36.05551275463989,0
2,5,35.35533905932738,0
2,6,35.014282800023196,0
2,7,21.095023109728988,0
2,8,31.0,0
2,9,43.01162633521314,0
2,10,25.079872407968907,0
2,11,38.27531841800928,0
2,12,61.07372593840988,0
2,13,45.65084884205331,0
2,14,50.59644256269407,0
2,15,23.0,0
2,16,48.02082881417188,0
2,17,46.75467891024384,0
2,18,64.20280367709809,0
2,19,7.810249675906654,0
2,20,24.166091947189145,0
2,21,12.206555615733702,0
2,22,36.6742416417845,0
2,23,45.60701700396552,0
2,24,51.97114584074513,0
2,25,25.317977802344327,0
2,26,27.202941017470888,0
2,27,9.486832980505138,0
2,28,17.08800749063506,0
2,29,37.48332962798263,0
2,30,15.811388300841896,0
2,31,22.80350850198276,0
2,32,54.3323108288245,0
2,33,32.28002478313795,0
2,34,10.04987562112089,0
2,35,12.083045973594572,0
2,36,46.51881339845203,0
2,37,29.832867780352597,0
2,38,49.49747468305833,0
2,39,74.65252842335616,0
2,40,63.0317380372777,0
2,41,62.26556030423239,0
2,42,47.0,0
2,43,53.71219600798314,0
2,44,55.54277630799526,0
2,45,32.01562118716424,0
2,46,41.86884283091664,0
2,47,28.460498941515414,0
2,48,36.22154055254967,0
2,49,27.294688127912362,0
2,50,32.55764119219941,0
3,0,31.064449134018133,0
3,1,37.013511046643494,0
3,2,49.678969393496885,0
3,3,0.0,0
3,4,20.396078054371138,0
3,5,21.02379604162864,0
3,6,37.12142238654117,0
3,7,37.64306044943742,0
3,8,32.7566787083184,0
3,9,31.400636936215164,0
3,10,26.627053911388696,0
3,11,12.529964086141668,0
3,12,15.033296378372908,0
3,13,17.88854381999832,0
3,14,18.867962264113206,0
3,15,35.34119409414458,0
3,16,7.615773105863909,0
3,17,7.615773105863909,0
3,18,14.7648230602334,0
3,19,48.91829923454004,0
3,20,44.94441010848846,0
3,21,38.01315561749642,0
3,22,31.25699921617557,0
3,23,28.635642126552707,0
3,24,17.69180601295413,0
3,25,42.579337712087536,0
3,26,24.166091947189145,0
3,27,47.01063709417264,0
3,28,43.9089968002003,0
3,29,38.01315561749642,0
3,30,46.238512086787566,0
3,31,26.90724809414742,0
3,32,30.528675044947494,0
3,33,41.593268686170845,0
3,34,55.97320787662612,0
3,35,60.81118318204309,0
3,36,12.649110640673518,0
3,37,26.570660511172846,0
3,38,40.52159917870962,0
3,39,25.0,0
3,40,13.45362404707371,0
3,41,16.0312195418814,0
3,42,40.85339643163099,0
3,43,14.866068747318506,0
3,44,24.839484696748443,0
3,45,17.69180601295413,0
3,46,7.810249675906654,0
3,47,29.427877939124322,0
3,48,28.071337695236398,0
3,49,37.64306044943742,0
3,50,17.204650534085253,0
4,0,22.20360331117452,0
4,1,21.02379604162864,0
4,2,36.05551275463989,0
4,3,20.396078054371138,0
4,4,0.0,0
4,5,25.495097567963924,0
4,6,40.22437072223753,0
4,7,33.24154027718932,0
4,8,12.36931687685298,0
4,9,14.212670403551895,0
4,10,11.180339887498949,0
4,11,9.219544457292887,0
4,12,35.35533905932738,0
4,13,30.463092423455635,0
4,14,14.560219778561036,0
4,15,16.278820596099706,0
4,16,14.7648230602334,0
4,17,23.194827009486403,0
4,18,31.906112267087632,0
4,19,32.7566787083184,0
4,20,25.059928172283335,0
4,21,27.073972741361768,0
4,22,36.124783736376884,0
4,23,38.8329756778952,0
4,24,33.95585369269929,0
4,25,40.162171256046406,0
4,26,20.591260281974,0
4,27,37.12142238654117,0
4,28,25.45584412271571,0
4,29,18.24828759089466,0
4,30,39.11521443121589,0
4,31,16.1245154965971,0
4,32,20.8806130178211,0
4,33,21.213203435596427,0
4,34,39.66106403010388,0
4,35,45.27692569068709,0
4,36,11.313708498984761,0
4,37,7.0710678118654755,0
4,38,24.20743687382041,0
4,39,42.43819034784589,0
4,40,32.69556544854363,0
4,41,27.586228448267445,0
4,42,48.79549159502341,0
4,43,18.027756377319946,0
4,44,20.024984394500787,0
4,45,12.041594578792296,0
4,46,15.132745950421556,0
4,47,29.154759474226502,0
4,48,8.246211251235321,0
4,49,17.46424919657298,0
4,50,14.142135623730951,0
5,0,16.76305461424021,0
5,1,28.071337695236398,0
5,2,35.35533905932738,0
5,3,21.02379604162864,0
5,4,25.495097567963924,0
5,5,0.0,0
5,6,16.492422502470642,0
5,7,18.027756377319946,0
5,8,34.0147027033899,0
5,9,39.698866482558415,0
5,10,21.840329667841555,0
5,11,18.027756377319946,0
5,12,27.202941017470888,0
5,13,10.295630140987,0
5,14,34.438350715445125,0
5,15,31.575306807693888,0
5,16,24.73863375370596,0
5,17,14.560219778561036,0
5,18,34.92849839314596,0
5,19,37.64306044943742,0
5,20,41.30375285612676,0
5,21,23.259406699226016,0
5,22,11.180339887498949,0
5,23,13.92838827718412,0
5,24,16.64331697709324,0
5,25,21.840329667841555,0
5,26,9.055385138137417,0
5,27,29.732137494637012,0
5,28,37.013511046643494,0
5,29,42.05948168962618,0
5,30,27.202941017470888,0
5,31,17.029386365926403,0
5,32,44.654227123532216,0
5,33,42.37924020083418,0
5,34,44.01136216933077,0
5,35,47.41307836451879,0
5,36,27.313000567495326,0
5,37,26.832815729997478,0
5,38,49.678969393496885,0
5,39,44.01136216933077,0
5,40,31.953090617340916,0
5,41,37.0,0
5,42,23.345235059857504,0
5,43,33.24154027718932,0
5,44,41.14608122288197,0
5,45,13.601470508735444,0
5,46,15.524174696260024,0
5,47,8.94427190999916,0
5,48,33.015148038438355,0
5,49,36.40054944640259,0
5,50,11.40175425099138,0
6,0,22.825424421026653,0
6,1,34.92849839314596,0
6,2,35.014282800023196,0
6,3,37.12142238654117,0
6,4,40.22437072223753,0
6,5,16.492422502470642,0
6,6,0.0,0
6,7,14.035668847618199,0
6,8,46.09772228646444,0
6,9,54.037024344425184,0
6,10,33.301651610693426,0
6,11,34.0147027033899,0
6,12,39.84971769034255,0
6,13,21.587033144922902,0
6,14,50.695167422546305,0
6,15,41.340053217188775,0
6,16,41.23105625617661,0
6,17,30.0,0
6,18,50.15974481593781,0
6,19,40.311288741492746,0
6,20,49.658836071740545,0
6,21,25.709920264364882,0
6,22,6.082762530298219,0
6,23,14.212670403551895,0
6,24,26.92582403567252,0
6,25,11.180339887498949,0
6,26,19.849433241279208,0
6,27,26.30589287593181,0
6,28,43.657759905886145,0
6,29,54.56189146281496,0
6,30,20.8806130178211,0
6,31,27.018512172212592,0
6,32,60.41522986797286,0
6,33,53.25410782277739,0
6,34,45.0,0
6,35,46.389654018972806,0
6,36,43.657759905886145,0
6,37,39.59797974644666,0
6,38,63.7808748764079,0
6,39,58.249463516842795,0
6,40,46.52956049652737,0
6,41,53.150729063673246,0
6,42,12.041594578792296,0
6,43,49.72926703662542,0
6,44,57.38466694161429,0
6,45,28.30194339616981,0
6,46,32.01562118716424,0
6,47,11.313708498984761,0
6,48,46.75467891024384,0
6,49,46.87216658103186,0
6,50,26.419689627245813,0
7,0,11.661903789690601,0
7,1,22.20360331117452,0
7,2,21.095023109728988,0
7,3,37.64306044943742,0
7,4,33.24154027718932,0
7,5,18.027756377319946,0
7,6,14.035668847618199,0
7,7,0.0,0
7,8,35.805027579936315,0
7,9,45.617978911828175,0
7,10,23.706539182259394,0
7,11,30.0,0
7,12,45.221676218380054,0
7,13,27.586228448267445,0
7,14,46.2709412050371,0
7,15,29.698484809834994,0
7,16,39.20459156782532,0
7,17,32.202484376209235,0
7,18,52.20153254455275,0
7,19,26.30589287593181,0
7,20,36.89173349139343,0
7,21,12.083045973594572,0
7,22,15.811388300841896,0
7,23,25.079872407968907,0
7,24,33.94112549695428,0
7,25,7.211102550927978,0
7,26,14.035668847618199,0
7,27,13.0,0
7,28,30.4138126514911,0
7,29,44.204072210600685,0
7,30,9.219544457292887,0
7,31,17.46424919657298,0
7,32,54.120236510939236,0
7,33,41.72529209005013,0
7,34,31.016124838541646,0
7,35,32.7566787083184,0
7,36,40.01249804748511,0
7,37,30.4138126514911,0
7,38,54.70831746635972,0
7,39,61.741396161732524,0
7,40,49.658836071740545,0
7,41,52.952809179494906,0
7,42,26.076809620810597,0
7,43,47.01063709417264,0
7,44,52.61178575186362,0
7,45,23.021728866442675,0
7,46,30.59411708155671,0
7,47,9.219544457292887,0
7,48,38.01315561749642,0
7,49,35.35533905932738,0
7,50,22.02271554554524,0
8,0,24.20743687382041,0
8,1,16.278820596099706,0
8,2,31.0,0
8,3,32.7566787083184,0
8,4,12.36931687685298,0
8,5,34.0147027033899,0
8,6,46.09772228646444,0
8,7,35.805027579936315,0
8,8,0.0,0
8,9,12.041594578792296,0
8,10,12.806248474865697,0
8,11,21.02379604162864,0
8,12,47.67598976424087,0
8,13,41.0,0
8,14,23.345235059857504,0
8,15,8.0,0
8,16,26.92582403567252,0
8,17,35.0,0
8,18,43.829214001622255,0
8,19,25.495097567963924,0
8,20,13.45362404707371,0
8,21,26.0,0
8,22,43.266615305567875,0
8,23,47.92702786528704,0
8,24,45.27692569068709,0
8,25,43.01162633521314,0
8,26,26.627053911388696,0
8,27,35.17101079013795,0
8,28,16.15549442140351,0
8,29,8.48528137423857,0
8,30,39.0,0
8,31,19.1049731745428,0
8,32,23.769728648009426,0
8,33,9.0,0
8,34,31.622776601683793,0
8,35,37.64306044943742,0
8,36,22.825424421026653,0
8,37,7.280109889280518,0
8,38,19.313207915827967,0
8,39,54.20332093147061,0
8,40,44.94441010848846,0
8,41,38.600518131237564,0
8,42,56.302753041036986,0
8,43,28.42534080710379,0
8,44,26.419689627245813,0
8,45,20.8806130178211,0
8,46,27.018512172212592,0
8,47,34.828149534535996,0
8,48,6.4031242374328485,0
8,49,5.656854249492381,0
8,50,23.08679276123039,0
9,0,34.0147027033899,0
9,1,28.071337695236398,0
9,2,43.01162633521314,0
9,3,31.400636936215164,0
9,4,14.212670403551895,0
9,5,39.698866482558415,0
9,6,54.037024344425184,0
9,7,45.617978911828175,0
9,8,12.041594578792296,0
9,9,0.0,0
9,10,21.93171219946131,0
9,11,22.825424421026653,0
9,12,46.17358552246078,0
9,13,44.294469180700204,0
9,14,15.811388300841896,0
9,15,20.024984394500787,0
9,16,24.08318915758459,0
9,17,36.05551275463989,0
9,18,38.8329756778952,0
9,19,37.48332962798263,0
9,20,23.706539182259394,0
9,21,37.107950630558946,0
9,22,50.20956084253277,0
9,23,53.009433122794285,0
9,24,47.16990566028302,0
9,25,52.773099207835045,0
9,26,34.20526275297414,0
9,27,46.69047011971501,0
9,28,27.892651361962706,0
9,29,9.219544457292887,0
9,30,50.0,0
9,31,28.178005607210743,0
9,32,12.083045973594572,0
9,33,15.620499351813308,0
9,34,43.41658669218482,0
9,35,49.47726750741192,0
9,36,19.026297590440446,0
9,37,15.231546211727817,0
9,38,10.0,0
9,39,48.38388161361178,0
9,40,41.19465984809196,0
9,41,31.953090617340916,0
9,42,62.96824596572466,0
9,43,21.840329667841555,0
9,44,16.278820596099706,0
9,45,26.1725046566048,0
9,46,28.231188426986208,0
9,47,42.80186911806539,0
9,48,7.615773105863909,0
9,49,16.76305461424021,0
9,50,28.319604517012593,0
10,0,12.083045973594572,0
10,1,10.63014581273465,0
10,2,25.079872407968907,0
10,3,26.627053911388696,0
10,4,11.180339887498949,0
10,5,21.840329667841555,0
10,6,33.301651610693426,0
10,7,23.706539182259394,0
10,8,12.806248474865697,0
10,9,21.93171219946131,0
10,10,0.0,0
10,11,14.212670403551895,0
10,12,40.311288741492746,0
10,13,30.01666203960727,0
10,14,25.709920264364882,0
10,15,10.0,0
10,16,23.430749027719962,0
10,17,26.248809496813376,0
10,18,40.311288741492746,0
10,19,22.67156809750927,0
10,20,20.024984394500787,0
10,21,16.0,0
10,22,30.528675044947494,0
10,23,35.73513677041127,0
10,24,35.12833614050059,0
10,25,30.886890422961002,0
10,26,13.892443989449804,0
10,27,26.019223662515376,0
10,28,17.46424919657298,0
10,29,21.2602916254693,0
10,30,28.442925306655784,0
10,31,6.4031242374328485,0
10,32,31.25699921617557,0
10,33,20.615528128088304,0
10,34,29.732137494637012,0
10,35,35.0,0
10,36,21.470910553583888,0
10,37,6.708203932499369,0
10,38,31.064449134018133,0
10,39,50.93132631298737,0
10,40,40.0,0
10,41,37.44329045369811,0
10,42,43.56604182158393,0
10,43,28.635642126552707,0
10,44,31.144823004794873,0
10,45,10.198039027185569,0
10,46,19.235384061671343,0
10,47,22.02271554554524,0
10,48,14.317821063276353,0
10,49,14.560219778561036,0
10,50,12.041594578792296,0
11,0,20.8806130178211,0
11,1,24.758836806279895,0
11,2,38.27531841800928,0
11,3,12.529964086141668,0
11,4,9.219544457292887,0
11,5,18.027756377319946,0
11,6,34.0147027033899,0
11,7,30.0,0
11,8,21.02379604162864,0
11,9,22.825424421026653,0
11,10,14.212670403551895,0
11,11,0.0,0
11,12,26.92582403567252,0
11,13,21.470910553583888,0
11,14,16.76305461424021,0
11,15,22.847319317591726,0
11,16,9.848857801796104,0
11,17,14.035668847618199,0
11,18,26.1725046566048,0
11,19,36.76955262170047,0
11,20,32.57299494980466,0
11,21,27.313000567495326,0
11,22,29.154759474226502,0
11,23,30.479501308256342,0
11,24,24.73863375370596,0
11,25,36.22154055254967,0
11,26,16.0312195418814,0
11,27,37.0,0
11,28,31.38470965295043,0
11,29,27.459060435491963,0
11,30,37.48332962798263,0
11,31,15.652475842498529,0
11,32,26.627053911388696,0
11,33,30.01666203960727,0
11,34,43.840620433565945,0
11,35,48.91829923454004,0
11,36,10.04987562112089,0
11,37,14.317821063276353,0
11,38,32.7566787083184,0
11,39,36.76955262170047,0
11,40,25.80697580112788,0
11,41,24.166091947189145,0
11,42,41.23105625617661,0
11,43,17.029386365926403,0
11,44,23.40939982143925,0
11,45,7.0710678118654755,0
11,46,6.0,0
11,47,23.769728648009426,0
11,48,17.46424919657298,0
11,49,25.495097567963924,0
11,50,8.06225774829855,0
12,0,41.86884283091664,0
12,1,50.11985634456667,0
12,2,61.07372593840988,0
12,3,15.033296378372908,0
12,4,35.35533905932738,0
12,5,27.202941017470888,0
12,6,39.84971769034255,0
12,7,45.221676218380054,0
12,8,47.67598976424087,0
12,9,46.17358552246078,0
12,10,40.311288741492746,0
12,11,26.92582403567252,0
12,12,0.0,0
12,13,18.384776310850235,0
12,14,32.28002478313795,0
12,15,49.64876634922564,0
12,16,22.090722034374522,0
12,17,14.422205101855956,0
12,18,14.422205101855956,0
12,19,61.587336360651285,0
12,20,59.481089431852205,0
12,21,48.91829923454004,0
12,22,33.83784863137726,0
12,23,27.16615541441225,0
12,24,13.152946437965905,0
12,25,48.30113870293329,0
12,26,33.97057550292606,0
12,27,56.639209034025185,0
12,28,57.77542730261716,0
12,29,53.03772242470448,0
12,30,54.405882034941776,0
12,31,39.11521443121589,0
12,32,43.657759905886145,0
12,33,56.568542494923804,0
12,34,68.5054742338158,0
12,35,72.80109889280519,0
12,36,27.16615541441225,0
12,37,41.23105625617661,0
12,38,54.91812087098393,0
12,39,19.0,0
12,40,9.433981132056603,0
12,41,21.93171219946131,0
12,42,39.0,0
12,43,26.92582403567252,0
12,44,37.16180835212409,0
12,45,30.4138126514911,0
12,46,21.18962010041709,0
12,47,36.05551275463989,0
12,48,43.104524124504614,0
12,49,52.392747589718944,0
12,50,29.154759474226502,0
13,0,26.92582403567252,0
13,1,37.656340767525464,0
13,2,45.65084884205331,0
13,3,17.88854381999832,0
13,4,30.463092423455635,0
13,5,10.295630140987,0
13,6,21.587033144922902,0
13,7,27.586228448267445,0
13,8,41.0,0
13,9,44.294469180700204,0
13,10,30.01666203960727,0
13,11,21.470910553583888,0
13,12,18.384776310850235,0
13,13,0.0,0
13,14,35.38361202590826,0
13,15,40.01249804748511,0
13,16,24.20743687382041,0
13,17,10.295630140987,0
13,18,29.017236257093817,0
13,19,47.75981574503821,0
13,20,50.0,0
13,21,33.54101966249684,0
13,22,15.524174696260024,0
13,23,10.770329614269007,0
13,24,6.4031242374328485,0
13,25,30.01666203960727,0
13,26,18.973665961010276,0
13,27,39.824615503479755,0
13,28,46.389654018972806,0
13,29,48.38388161361178,0
13,30,36.796738985948195,0
13,31,26.30589287593181,0
13,32,46.69047011971501,0
13,33,49.8196748283246,0
13,34,54.230987451824994,0
13,35,57.706152185014034,0
13,36,28.284271247461902,0
13,37,33.734255586866,0
13,38,54.20332093147061,0
13,39,36.6742416417845,0
13,40,25.079872407968907,0
13,41,33.24154027718932,0
13,42,23.08679276123039,0
13,43,32.449961479175904,0
13,44,41.86884283091664,0
13,45,20.223748416156685,0
13,46,16.401219466856727,0
13,47,18.384776310850235,0
13,48,38.62641583165593,0
13,49,44.28317965096906,0
13,50,18.110770276274835,0
14,0,36.013886210738214,0
14,1,35.4682957019364,0
14,2,50.59644256269407,0
14,3,18.867962264113206,0
14,4,14.560219778561036,0
14,5,34.438350715445125,0
14,6,50.695167422546305,0
14,7,46.2709412050371,0
14,8,23.345235059857504,0
14,9,15.811388300841896,0
14,10,25.709920264364882,0
14,11,16.76305461424021,0
14,12,32.28002478313795,0
14,13,35.38361202590826,0
14,14,0.0,0
14,15,29.68164415931166,0
14,16,11.40175425099138,0
14,17,25.495097567963924,0
14,18,23.194827009486403,0
14,19,46.95742752749558,0
14,20,36.76955262170047,0
14,21,41.43669871020132,0
14,22,45.617978911828175,0
14,23,45.60701700396552,0
14,24,36.40054944640259,0
14,25,52.773099207835045,0
14,26,32.55764119219941,0
14,27,51.478150704935004,0
14,28,38.8329756778952,0
14,29,24.596747752497688,0
14,30,53.009433122794285,0
14,31,30.066592756745816,0
14,32,11.661903789690601,0
14,33,30.23243291566195,0
14,34,53.71219600798314,0
14,35,59.481089431852205,0
14,36,7.211102550927978,0
14,37,21.02379604162864,0
14,38,23.021728866442675,0
14,39,32.57299494980466,0
14,40,26.019223662515376,0
14,41,16.15549442140351,0
14,42,57.14017850864661,0
14,43,6.082762530298219,0
14,44,6.708203932499369,0
14,45,23.345235059857504,0
14,46,19.4164878389476,0
14,47,40.52159917870962,0
14,48,16.97056274847714,0
14,49,29.0,0
14,50,24.73863375370596,0
15,0,18.601075237738275,0
15,1,8.54400374531753,0
15,2,23.0,0
15,3,35.34119409414458,0
15,4,16.278820596099706,0
15,5,31.575306807693888,0
15,6,41.340053217188775,0
15,7,29.698484809834994,0
15,8,8.0,0
15,9,20.024984394500787,0
15,10,10.0,0
15,11,22.847319317591726,0
15,12,49.64876634922564,0
15,13,40.01249804748511,0
15,14,29.68164415931166,0
15,15,0.0,0
15,16,30.805843601498726,0
15,17,35.90264614203248,0
15,18,48.010415536631214,0
15,19,17.72004514666935,0
15,20,10.04987562112089,0
15,21,18.867962264113206,0
15,22,39.395431207184416,0
15,23,45.35416188179427,0
15,24,45.09988913511872,0
15,25,36.796738985948195,0
15,26,23.08679276123039,0
15,27,27.51363298439521,0
15,28,9.219544457292887,0
15,29,15.231546211727817,0
15,30,31.76476034853718,0
15,31,14.866068747318506,0
15,32,31.575306807693888,0
15,33,12.041594578792296,0
15,34,24.166091947189145,0
15,35,30.083217912982647,0
15,36,27.586228448267445,0
15,37,9.219544457292887,0
15,38,26.92582403567252,0
15,39,58.60034129593445,0
15,40,48.373546489791295,0
15,41,43.840620433565945,0
15,42,52.32590180780452,0
15,43,34.058772731852805,0
15,44,33.61547262794322,0
15,45,20.09975124224178,0
15,46,28.460498941515414,0
15,47,30.4138126514911,0
15,48,13.601470508735444,0
15,49,5.656854249492381,0
15,50,22.02271554554524,0
16,0,30.675723300355934,0
16,1,34.058772731852805,0
16,2,48.02082881417188,0
16,3,7.615773105863909,0
16,4,14.7648230602334,0
16,5,24.73863375370596,0
16,6,41.23105625617661,0
16,7,39.20459156782532,0
16,8,26.92582403567252,0
16,9,24.08318915758459,0
16,10,23.430749027719962,0
16,11,9.848857801796104,0
16,12,22.090722034374522,0
16,13,24.20743687382041,0
16,14,11.40175425099138,0
16,15,30.805843601498726,0
16,16,0.0,0
16,17,14.142135623730951,0
16,18,17.204650534085253,0
16,19,46.09772228646444,0
16,20,39.824615503479755,0
16,21,37.16180835212409,0
16,22,35.73513677041127,0
16,23,34.66987164671943,0
16,24,25.0,0
16,25,45.0,0
16,26,25.179356624028344,0
16,27,46.8187996428785,0
16,28,39.824615503479755,0
16,29,31.25699921617557,0
16,30,47.07440918375928,0
16,31,25.495097567963924,0
16,32,23.021728866442675,0
16,33,35.4400902933387,0
16,34,53.150729063673246,0
16,35,58.412327466040935,0
16,36,5.0990195135927845,0
16,37,21.633307652783937,0
16,38,32.984845004941285,0
16,39,27.80287754891569,0
16,40,18.027756377319946,0
16,41,14.317821063276353,0
16,42,46.52956049652737,0
16,43,8.54400374531753,0
16,44,17.69180601295413,0
16,45,16.76305461424021,0
16,46,9.219544457292887,0
16,47,32.0624390837628,0
16,48,21.587033144922902,0
16,49,32.202484376209235,0
16,50,17.26267650163207,0
17,0,27.586228448267445,0
17,1,35.77708763999664,0
17,2,46.75467891024384,0
17,3,7.615773105863909,0
17,4,23.194827009486403,0
17,5,14.560219778561036,0
17,6,30.0,0
17,7,32.202484376209235,0
17,8,35.0,0
17,9,36.05551275463989,0
17,10,26.248809496813376,0
17,11,14.035668847618199,0
17,12,14.422205101855956,0
17,13,10.295630140987,0
17,14,25.495097567963924,0
17,15,35.90264614203248,0
17,16,14.142135623730951,0
17,17,0.0,0
17,18,20.396078054371138,0
17,19,47.16990566028302,0
17,20,45.89117562233506,0
17,21,34.655446902326915,0
17,22,24.020824298928627,0
17,23,21.02379604162864,0
17,24,11.180339887498949,0
17,25,36.40054944640259,0
17,26,19.849433241279208,0
17,27,42.80186911806539,0
17,28,43.657759905886145,0
17,29,41.43669871020132,0
17,30,41.182520563948,0
17,31,24.698178070456937,0
17,32,37.013511046643494,0
17,33,44.0,0
17,34,54.08326913195984,0
17,35,58.412327466040935,0
17,36,18.601075237738275,0
17,37,28.071337695236398,0
17,38,45.69463863518345,0
17,39,29.546573405388315,0
17,40,17.46424919657298,0
17,41,23.345235059857504,0
17,42,33.24154027718932,0
17,43,22.20360331117452,0
17,44,31.827660925679098,0
17,45,16.15549442140351,0
17,46,8.06225774829855,0
17,47,23.40939982143925,0
17,48,31.400636936215164,0
17,49,39.20459156782532,0
17,50,14.7648230602334,0
18,0,45.79301256742124,0
18,1,50.91168824543142,0
18,2,64.20280367709809,0
18,3,14.7648230602334,0
18,4,31.906112267087632,0
18,5,34.92849839314596,0
18,6,50.15974481593781,0
18,7,52.20153254455275,0
18,8,43.829214001622255,0
18,9,38.8329756778952,0
18,10,40.311288741492746,0
18,11,26.1725046566048,0
18,12,14.422205101855956,0
18,13,29.017236257093817,0
18,14,23.194827009486403,0
18,15,48.010415536631214,0
18,16,17.204650534085253,0
18,17,20.396078054371138,0
18,18,0.0,0
18,19,62.93647591023825,0
18,20,56.938563381947034,0
18,21,52.69724850502159,0
18,22,44.10215414239989,0
18,23,39.319206502675,0
18,24,25.709920264364882,0
18,25,56.753854494650845,0
18,26,38.91015291668744,0
18,27,61.773780845922005,0
18,28,57.0087712549569,0
18,29,47.12748667179272,0
18,30,60.92618484691127,0
18,31,41.400483088968905,0
18,32,33.13608305156178,0
18,33,52.0,0
18,34,70.00714249274856,0
18,35,75.07329751649384,0
18,36,21.02379604162864,0
18,37,38.8329756778952,0
18,38,46.04345773288535,0
18,39,10.63014581273465,0
18,40,5.0,0
18,41,8.54400374531753,0
18,42,51.62363799656123,0
18,43,17.11724276862369,0
18,44,26.1725046566048,0
18,45,32.202484376209235,0
18,46,22.47220505424423,0
18,47,43.68065933568311,0
18,48,38.07886552931954,0
18,49,49.24428900898052,0
18,50,31.906112267087632,0
19,0,20.8806130178211,0
19,1,12.041594578792296,0
19,2,7.810249675906654,0
19,3,48.91829923454004,0
19,4,32.7566787083184,0
19,5,37.64306044943742,0
19,6,40.311288741492746,0
19,7,26.30589287593181,0
19,8,25.495097567963924,0
19,9,37.48332962798263,0
19,10,22.67156809750927,0
19,11,36.76955262170047,0
19,12,61.587336360651285,0
19,13,47.75981574503821,0
19,14,46.95742752749558,0
19,15,17.72004514666935,0
19,16,46.09772228646444,0
19,17,47.16990566028302,0
19,18,62.93647591023825,0
19,19,0.0,0
19,20,16.76305461424021,0
19,21,15.033296378372908,0
19,22,41.012193308819754,0
19,23,49.36598018878993,0
19,24,53.85164807134504,0
19,25,31.622776601683793,0
19,26,28.792360097775937,0
19,27,16.64331697709324,0
19,28,10.04987562112089,0
19,29,31.016124838541646,0
19,30,22.825424421026653,0
19,31,22.47220505424423,0
19,32,49.24428900898052,0
19,33,25.317977802344327,0
19,34,7.0710678118654755,0
19,35,12.529964086141668,0
19,36,43.829214001622255,0
19,37,25.942243542145693,0
19,38,43.04648650006177,0
19,39,73.53910524340094,0
19,40,62.369864518050704,0
19,41,60.0,0
19,42,52.3450093132096,0
19,43,50.774009099144415,0
19,44,51.264022471905186,0
19,45,31.400636936215164,0
19,46,41.23105625617661,0
19,47,32.14031735997639,0
19,48,31.32091952673165,0
19,49,21.02379604162864,0
19,50,32.449961479175904,0
20,0,26.92582403567252,0
20,1,14.7648230602334,0
20,2,24.166091947189145,0
20,3,44.94441010848846,0
20,4,25.059928172283335,0
20,5,41.30375285612676,0
20,6,49.658836071740545,0
20,7,36.89173349139343,0
20,8,13.45362404707371,0
20,9,23.706539182259394,0
20,10,20.024984394500787,0
20,11,32.57299494980466,0
20,12,59.481089431852205,0
20,13,50.0,0
20,14,36.76955262170047,0
20,15,10.04987562112089,0
20,16,39.824615503479755,0
20,17,45.89117562233506,0
20,18,56.938563381947034,0
20,19,16.76305461424021,0
20,20,0.0,0
20,21,25.0,0
20,22,48.38388161361178,0
20,23,54.91812087098393,0
20,24,55.14526271584895,0
20,25,43.60045871318328,0
20,26,32.55764119219941,0
20,27,31.400636936215164,0
20,28,7.211102550927978,0
20,29,15.524174696260024,0
20,30,36.796738985948195,0
20,31,24.331050121192877,0
20,32,35.77708763999664,0
20,33,9.055385138137417,0
20,34,21.0,0
20,35,27.018512172212592,0
20,36,36.05551275463989,0
20,37,18.384776310850235,0
20,38,27.16615541441225,0
20,39,67.4166151627327,0
20,40,57.697486947006624,0
20,41,52.009614495783374,0
20,42,61.09828148156051,0
20,43,41.86884283091664,0
20,44,39.408120990476064,0
20,45,30.14962686336267,0
20,46,38.3275357934736,0
20,47,39.21734310225516,0
20,48,19.79898987322333,0
20,49,7.810249675906654,0
20,50,32.0624390837628,0
21,0,7.0710678118654755,0
21,1,10.63014581273465,0
21,2,12.206555615733702,0
21,3,38.01315561749642,0
21,4,27.073972741361768,0
21,5,23.259406699226016,0
21,6,25.709920264364882,0
21,7,12.083045973594572,0
21,8,26.0,0
21,9,37.107950630558946,0
21,10,16.0,0
21,11,27.313000567495326,0
21,12,48.91829923454004,0
21,13,33.54101966249684,0
21,14,41.43669871020132,0
21,15,18.867962264113206,0
21,16,37.16180835212409,0
21,17,34.655446902326915,0
21,18,52.69724850502159,0
21,19,15.033296378372908,0
21,20,25.0,0
21,21,0.0,0
21,22,26.0,0
21,23,34.36568055487916,0
21,24,39.824615503479755,0
21,25,18.601075237738275,0
21,26,15.0,0
21,27,10.04987562112089,0
21,28,18.35755975068582,0
21,29,34.0,0
21,30,13.0,0
21,31,11.704699910719626,0
21,32,47.16990566028302,0
21,33,30.610455730027933,0
21,34,20.8806130178211,0
21,35,24.186773244895647,0
21,36,36.40054944640259,0
21,37,22.20360331117452,0
21,38,45.31004303683677,0
21,39,63.00793600809346,0
21,40,51.22499389946279,0
21,41,51.478150704935004,0
21,42,37.656340767525464,0
21,43,43.68065933568311,0
21,44,47.095647357266465,0
21,45,20.591260281974,0
21,46,30.23243291566195,0
21,47,17.11724276862369,0
21,48,29.614185789921695,0
21,49,24.413111231467404,0
21,50,20.808652046684813,0
22,0,21.587033144922902,0
22,1,33.95585369269929,0
22,2,36.6742416417845,0
22,3,31.25699921617557,0
22,4,36.124783736376884,0
22,5,11.180339887498949,0
22,6,6.082762530298219,0
22,7,15.811388300841896,0
22,8,43.266615305567875,0
22,9,50.20956084253277,0
22,10,30.528675044947494,0
22,11,29.154759474226502,0
22,12,33.83784863137726,0
22,13,15.524174696260024,0
22,14,45.617978911828175,0
22,15,39.395431207184416,0
22,16,35.73513677041127,0
22,17,24.020824298928627,0
22,18,44.10215414239989,0
22,19,41.012193308819754,0
22,20,48.38388161361178,0
22,21,26.0,0
22,22,0.0,0
22,23,9.433981132056603,0
22,24,21.02379604162864,0
22,25,15.556349186104045,0
22,26,16.64331697709324,0
22,27,28.792360097775937,0
22,28,42.95346318982906,0
22,29,51.61395160225576,0
22,30,24.186773244895647,0
22,31,24.596747752497688,0
22,32,55.758407437802596,0
22,33,51.0,0
22,34,46.389654018972806,0
22,35,48.507731342539614,0
22,36,38.48376280978771,0
22,37,36.40054944640259,0
22,38,60.108235708594876,0
22,39,52.172789842982326,0
22,40,40.44749683231337,0
22,41,47.265209192385896,0
22,42,13.038404810405298,0
22,43,44.27188724235731,0
22,44,52.32590180780452,0
22,45,24.08318915758459,0
22,46,26.570660511172846,0
22,47,9.219544457292887,0
22,48,43.18564576337837,0
22,49,44.721359549995796,0
22,50,22.02271554554524,0
23,0,29.0,0
23,1,41.10960958218893,0
23,2,45.60701700396552,0
23,3,28.635642126552707,0
23,4,38.8329756778952,0
23,5,13.92838827718412,0
23,6,14.212670403551895,0
23,7,25.079872407968907,0
23,8,47.92702786528704,0
23,9,53.009433122794285,0
23,10,35.73513677041127,0
23,11,30.479501308256342,0
23,12,27.16615541441225,0
23,13,10.770329614269007,0
23,14,45.60701700396552,0
23,15,45.35416188179427,0
23,16,34.66987164671943,0
23,17,21.02379604162864,0
23,18,39.319206502675,0
23,19,49.36598018878993,0
23,20,54.91812087098393,0
23,21,34.36568055487916,0
23,22,9.433981132056603,0
23,23,0.0,0
23,24,14.035668847618199,0
23,25,24.839484696748443,0
23,26,22.360679774997898,0
23,27,38.07886552931954,0
23,28,50.15974481593781,0
23,29,55.90169943749474,0
23,30,33.61547262794322,0
23,31,30.59411708155671,0
23,32,56.639209034025185,0
23,33,56.302753041036986,0
23,34,55.10898293381942,0
23,35,57.56735185849702,0
23,36,38.41874542459709,0
23,37,40.718546143004666,0
23,38,63.00793600809346,0
23,39,46.09772228646444,0
23,40,35.05709628591621,0
23,41,43.965895873961216,0
23,42,12.36931687685298,0
23,43,43.04648650006177,0
23,44,52.20153254455275,0
23,45,27.294688127912362,0
23,46,26.248809496813376,0
23,47,17.26267650163207,0
23,48,46.647615158762406,0
23,49,50.28916384272063,0
23,50,25.059928172283335,0
24,0,33.1058907144937,0
24,1,43.41658669218482,0
24,2,51.97114584074513,0
24,3,17.69180601295413,0
24,4,33.95585369269929,0
24,5,16.64331697709324,0
24,6,26.92582403567252,0
24,7,33.94112549695428,0
24,8,45.27692569068709,0
24,9,47.16990566028302,0
24,10,35.12833614050059,0
24,11,24.73863375370596,0
24,12,13.152946437965905,0
24,13,6.4031242374328485,0
24,14,36.40054944640259,0
24,15,45.09988913511872,0
24,16,25.0,0
24,17,11.180339887498949,0
24,18,25.709920264364882,0
24,19,53.85164807134504,0
24,20,55.14526271584895,0
24,21,39.824615503479755,0
24,22,21.02379604162864,0
24,23,14.035668847618199,0
24,24,0.0,0
24,25,36.05551275463989,0
24,26,25.079872407968907,0
24,27,46.22769732530488,0
24,28,51.97114584074513,0
24,29,52.172789842982326,0
24,30,43.139309220245984,0
24,31,32.01562118716424,0
24,32,48.010415536631214,0
24,33,54.230987451824994,0
24,34,60.41522986797286,0
24,35,64.00781202322104,0
24,36,29.68164415931166,0
24,37,38.118237105091836,0
24,38,56.859475903318,0
24,39,32.0624390837628,0
24,40,21.213203435596427,0
24,41,31.304951684997057,0
24,42,26.076809620810597,0
24,43,32.526911934581186,0
24,44,42.5205832509386,0
24,45,25.019992006393608,0
24,46,18.973665961010276,0
24,47,24.758836806279895,0
24,48,42.20189569201838,0
24,49,49.01020301937138,0
24,50,23.08679276123039,0
25,0,18.867962264113206,0
25,1,29.068883707497267,0
25,2,25.317977802344327,0
25,3,42.579337712087536,0
25,4,40.162171256046406,0
25,5,21.840329667841555,0
25,6,11.180339887498949,0
25,7,7.211102550927978,0
25,8,43.01162633521314,0
25,9,52.773099207835045,0
25,10,30.886890422961002,0
25,11,36.22154055254967,0
25,12,48.30113870293329,0
25,13,30.01666203960727,0
25,14,52.773099207835045,0
25,15,36.796738985948195,0
25,16,45.0,0
25,17,36.40054944640259,0
25,18,56.753854494650845,0
25,19,31.622776601683793,0
25,20,43.60045871318328,0
25,21,18.601075237738275,0
25,22,15.556349186104045,0
25,23,24.839484696748443,0
25,24,36.05551275463989,0
25,25,0.0,0
25,26,20.223748416156685,0
25,27,16.0312195418814,0
25,28,36.89173349139343,0
25,29,51.40038910358559,0
25,30,10.04987562112089,0
25,31,24.596747752497688,0
25,32,61.032778078668514,0
25,33,48.79549159502341,0
25,34,35.35533905932738,0
25,35,36.013886210738214,0
25,36,46.2709412050371,0
25,37,37.589892258425,0
25,38,61.91122676865643,0
25,39,65.7875368135941,0
25,40,53.75872022286245,0
25,41,58.309518948453004,0
25,42,22.360679774997898,0
25,43,53.08483775994799,0
25,44,59.22837157984339,0
25,45,29.427877939124322,0
25,46,36.05551275463989,0
25,47,13.152946437965905,0
25,48,45.17742799230607,0
25,49,42.44997055358225,0
25,50,28.160255680657446,0
26,0,8.06225774829855,0
26,1,19.026297590440446,0
26,2,27.202941017470888,0
26,3,24.166091947189145,0
26,4,20.591260281974,0
26,5,9.055385138137417,0
26,6,19.849433241279208,0
26,7,14.035668847618199,0
26,8,26.627053911388696,0
26,9,34.20526275297414,0
26,10,13.892443989449804,0
26,11,16.0312195418814,0
26,12,33.97057550292606,0
26,13,18.973665961010276,0
26,14,32.55764119219941,0
26,15,23.08679276123039,0
26,16,25.179356624028344,0
26,17,19.849433241279208,0
26,18,38.91015291668744,0
26,19,28.792360097775937,0
26,20,32.55764119219941,0
26,21,15.0,0
26,22,16.64331697709324,0
26,23,22.360679774997898,0
26,24,25.079872407968907,0
26,25,20.223748416156685,0
26,26,0.0,0
26,27,23.021728866442675,0
26,28,28.0,0
26,29,35.0,0
26,30,22.135943621178654,0
26,31,8.246211251235321,0
26,32,41.23105625617661,0
26,33,34.438350715445125,0
26,34,35.34119409414458,0
26,35,39.11521443121589,0
26,36,26.076809620810597,0
26,37,19.849433241279208,0
26,38,43.93176527297759,0
26,39,48.877397639399746,0
26,40,36.89173349139343,0
26,41,39.05124837953327,0
26,42,29.68164415931166,0
26,43,33.0,0
26,44,39.05124837953327,0
26,45,9.219544457292887,0
26,46,16.76305461424021,0
26,47,8.602325267042627,0
26,48,26.90724809414742,0
26,49,28.231188426986208,0
26,50,8.0,0
27,0,16.15549442140351,0
27,1,18.973665961010276,0
27,2,9.486832980505138,0
27,3,47.01063709417264,0
27,4,37.12142238654117,0
27,5,29.732137494637012,0
27,6,26.30589287593181,0
27,7,13.0,0
27,8,35.17101079013795,0
27,9,46.69047011971501,0
27,10,26.019223662515376,0
27,11,37.0,0
27,12,56.639209034025185,0
27,13,39.824615503479755,0
27,14,51.478150704935004,0
27,15,27.51363298439521,0
27,16,46.8187996428785,0
27,17,42.80186911806539,0
27,18,61.773780845922005,0
27,19,16.64331697709324,0
27,20,31.400636936215164,0
27,21,10.04987562112089,0
27,22,28.792360097775937,0
27,23,38.07886552931954,0
27,24,46.22769732530488,0
27,25,16.0312195418814,0
27,26,23.021728866442675,0
27,27,0.0,0
27,28,24.20743687382041,0
27,29,42.720018726587654,0
27,30,6.324555320336759,0
27,31,21.587033144922902,0
27,32,57.07889277132134,0
27,33,38.47076812334269,0
27,34,19.4164878389476,0
27,35,20.09975124224178,0
27,36,46.32493928760188,0
27,37,32.0624390837628,0
27,38,54.405882034941776,0
27,39,71.8679344353238,0
27,40,59.90826320300064,0
27,41,61.09828148156051,0
27,42,38.118237105091836,0
27,43,53.600373133029585,0
27,44,57.14017850864661,0
27,45,30.083217912982647,0
27,46,39.35733730830886,0
27,47,21.633307652783937,0
27,48,39.319206502675,0
27,49,32.69556544854363,0
27,50,29.966648127543394,0
28,0,21.37755832643195,0
28,1,9.055385138137417,0
28,2,17.08800749063506,0
28,3,43.9089968002003,0
28,4,25.45584412271571,0
28,5,37.013511046643494,0
28,6,43.657759905886145,0
28,7,30.4138126514911,0
28,8,16.15549442140351,0
28,9,27.892651361962706,0
28,10,17.46424919657298,0
28,11,31.38470965295043,0
28,12,57.77542730261716,0
28,13,46.389654018972806,0
28,14,38.8329756778952,0
28,15,9.219544457292887,0
28,16,39.824615503479755,0
28,17,43.657759905886145,0
28,18,57.0087712549569,0
28,19,10.04987562112089,0
28,20,7.211102550927978,0
28,21,18.35755975068582,0
28,22,42.95346318982906,0
28,23,50.15974481593781,0
28,24,51.97114584074513,0
28,25,36.89173349139343,0
28,26,28.0,0
28,27,24.20743687382041,0
28,28,0.0,0
28,29,21.0,0
28,30,29.698484809834994,0
28,31,20.09975124224178,0
28,32,39.84971769034255,0
28,33,15.297058540778355,0
28,34,15.524174696260024,0
28,35,21.587033144922902,0
28,36,36.76955262170047,0
28,37,18.384776310850235,0
28,38,33.015148038438355,0
28,39,67.62396025078685,0
28,40,57.14017850864661,0
28,41,53.03772242470448,0
28,42,55.362442142665635,0
28,43,43.278170016764804,0
28,44,42.485291572496,0
28,45,27.51363298439521,0
28,46,36.6742416417845,0
28,47,33.734255586866,0
28,48,22.360679774997898,0
28,49,11.180339887498949,0
28,50,29.120439557122072,0
29,0,32.64965543462902,0
29,1,23.769728648009426,0
29,2,37.48332962798263,0
29,3,38.01315561749642,0
29,4,18.24828759089466,0
29,5,42.05948168962618,0
29,6,54.56189146281496,0
29,7,44.204072210600685,0
29,8,8.48528137423857,0
29,9,9.219544457292887,0
29,10,21.2602916254693,0
29,11,27.459060435491963,0
29,12,53.03772242470448,0
29,13,48.38388161361178,0
29,14,24.596747752497688,0
29,15,15.231546211727817,0
29,16,31.25699921617557,0
29,17,41.43669871020132,0
29,18,47.12748667179272,0
29,19,31.016124838541646,0
29,20,15.524174696260024,0
29,21,34.0,0
29,22,51.61395160225576,0
29,23,55.90169943749474,0
29,24,52.172789842982326,0
29,25,51.40038910358559,0
29,26,35.0,0
29,27,42.720018726587654,0
29,28,21.0,0
29,29,0.0,0
29,30,46.95742752749558,0
29,31,27.586228448267445,0
29,32,20.808652046684813,0
29,33,6.708203932499369,0
29,34,36.22154055254967,0
29,35,42.2965719651132,0
29,36,26.476404589747453,0
29,37,15.264337522473747,0
29,38,12.041594578792296,0
29,39,57.0087712549569,0
29,40,49.03060268852505,0
29,41,40.718546143004666,0
29,42,64.63745044476924,0
29,43,30.463092423455635,0
29,44,25.495097567963924,0
29,45,28.635642126552707,0
29,46,33.37663853655727,0
29,47,43.278170016764804,0
29,48,10.04987562112089,0
29,49,10.198039027185569,0
29,50,30.870698080866262,0
30,0,17.0,0
30,1,23.323807579381203,0
30,2,15.811388300841896,0
30,3,46.238512086787566,0
30,4,39.11521443121589,0
30,5,27.202941017470888,0
30,6,20.8806130178211,0
30,7,9.219544457292887,0
30,8,39.0,0
30,9,50.0,0
30,10,28.442925306655784,0
30,11,37.48332962798263,0
30,12,54.405882034941776,0
30,13,36.796738985948195,0
30,14,53.009433122794285,0
30,15,31.76476034853718,0
30,16,47.07440918375928,0
30,17,41.182520563948,0
30,18,60.92618484691127,0
30,19,22.825424421026653,0
30,20,36.796738985948195,0
30,21,13.0,0
30,22,24.186773244895647,0
30,23,33.61547262794322,0
30,24,43.139309220245984,0
30,25,10.04987562112089,0
30,26,22.135943621178654,0
30,27,6.324555320336759,0
30,28,29.698484809834994,0
30,29,46.95742752749558,0
30,30,0.0,0
30,31,23.021728866442675,0
30,32,59.682493245507096,0
30,33,43.266615305567875,0
30,34,25.709920264364882,0
30,35,26.0,0
30,36,47.265209192385896,0
30,37,34.92849839314596,0
30,38,58.309518948453004,0
30,39,70.66116330771806,0
30,40,58.59180830116101,0
30,41,61.1310068623117,0
30,42,32.38826948140329,0
30,43,54.45181356024793,0
30,44,59.033888572581766,0
30,45,30.4138126514911,0
30,46,38.897300677553446,0
30,47,18.439088914585774,0
30,48,42.44997055358225,0
30,49,37.21558813185679,0
30,50,29.832867780352597,0
31,0,6.082762530298219,0
31,1,11.40175425099138,0
31,2,22.80350850198276,0
31,3,26.90724809414742,0
31,4,16.1245154965971,0
31,5,17.029386365926403,0
31,6,27.018512172212592,0
31,7,17.46424919657298,0
31,8,19.1049731745428,0
31,9,28.178005607210743,0
31,10,6.4031242374328485,0
31,11,15.652475842498529,0
31,12,39.11521443121589,0
31,13,26.30589287593181,0
31,14,30.066592756745816,0
31,15,14.866068747318506,0
31,16,25.495097567963924,0
31,17,24.698178070456937,0
31,18,41.400483088968905,0
31,19,22.47220505424423,0
31,20,24.331050121192877,0
31,21,11.704699910719626,0
31,22,24.596747752497688,0
31,23,30.59411708155671,0
31,24,32.01562118716424,0
31,25,24.596747752497688,0
31,26,8.246211251235321,0
31,27,21.587033144922902,0
31,28,20.09975124224178,0
31,29,27.586228448267445,0
31,30,23.021728866442675,0
31,31,0.0,0
31,32,36.87817782917155,0
31,33,26.419689627245813,0
31,34,29.410882339705484,0
31,35,33.97057550292606,0
31,36,24.73863375370596,0
31,37,13.038404810405298,0
31,38,37.44329045369811,0
31,39,51.85556864985669,0
31,40,40.311288741492746,0
31,41,39.81205847478876,0
31,42,37.589892258425,0
31,43,32.01562118716424,0
31,44,36.013886210738214,0
31,45,9.219544457292887,0
31,46,19.1049731745428,0
31,47,15.811388300841896,0
31,48,20.591260281974,0
31,49,20.12461179749811,0
31,50,10.0,0
32,0,42.95346318982906,0
32,1,39.11521443121589,0
32,2,54.3323108288245,0
32,3,30.528675044947494,0
32,4,20.8806130178211,0
32,5,44.654227123532216,0
32,6,60.41522986797286,0
32,7,54.120236510939236,0
32,8,23.769728648009426,0
32,9,12.083045973594572,0
32,10,31.25699921617557,0
32,11,26.627053911388696,0
32,12,43.657759905886145,0
32,13,46.69047011971501,0
32,14,11.661903789690601,0
32,15,31.575306807693888,0
32,16,23.021728866442675,0
32,17,37.013511046643494,0
32,18,33.13608305156178,0
32,19,49.24428900898052,0
32,20,35.77708763999664,0
32,21,47.16990566028302,0
32,22,55.758407437802596,0
32,23,56.639209034025185,0
32,24,48.010415536631214,0
32,25,61.032778078668514,0
32,26,41.23105625617661,0
32,27,57.07889277132134,0
32,28,39.84971769034255,0
32,29,20.808652046684813,0
32,30,59.682493245507096,0
32,31,36.87817782917155,0
32,32,0.0,0
32,33,27.459060435491963,0
32,34,55.362442142665635,0
32,35,61.40032573203501,0
32,36,18.439088914585774,0
32,37,25.019992006393608,0
32,38,13.92838827718412,0
32,39,41.19465984809196,0
32,40,36.6742416417845,0
32,41,25.0,0
32,42,67.80117993073571,0
32,43,16.76305461424021,0
32,44,7.0,0
32,45,32.202484376209235,0
32,46,30.4138126514911,0
32,47,49.658836071740545,0
32,48,18.110770276274835,0
32,49,28.792360097775937,0
32,50,34.0,0
33,0,30.610455730027933,0
33,1,20.0,0
33,2,32.28002478313795,0
33,3,41.593268686170845,0
33,4,21.213203435596427,0
33,5,42.37924020083418,0
33,6,53.25410782277739,0
33,7,41.72529209005013,0
33,8,9.0,0
33,9,15.620499351813308,0
33,10,20.615528128088304,0
33,11,30.01666203960727,0
33,12,56.568542494923804,0
33,13,49.8196748283246,0
33,14,30.23243291566195,0
33,15,12.041594578792296,0
33,16,35.4400902933387,0
33,17,44.0,0
33,18,52.0,0
33,19,25.317977802344327,0
33,20,9.055385138137417,0
33,21,30.610455730027933,0
33,22,51.0,0
33,23,56.302753041036986,0
33,24,54.230987451824994,0
33,25,48.79549159502341,0
33,26,34.438350715445125,0
33,27,38.47076812334269,0
33,28,15.297058540778355,0
33,29,6.708203932499369,0
33,30,43.266615305567875,0
33,31,26.419689627245813,0
33,32,27.459060435491963,0
33,33,0.0,0
33,34,30.01666203960727,0
33,35,36.05551275463989,0
33,36,31.016124838541646,0
33,37,16.1245154965971,0
33,38,18.110770276274835,0
33,39,62.16912416947821,0
33,40,53.45091205957107,0
33,41,46.14108798023731,0
33,42,64.00781202322104,0
33,43,35.84689665786984,0
33,44,31.827660925679098,0
33,45,29.614185789921695,0
33,46,36.013886210738214,0
33,47,42.190046219457976,0
33,48,13.92838827718412,0
33,49,6.4031242374328485,0
33,50,31.78049716414141,0
34,0,27.313000567495326,0
34,1,19.1049731745428,0
34,2,10.04987562112089,0
34,3,55.97320787662612,0
34,4,39.66106403010388,0
34,5,44.01136216933077,0
34,6,45.0,0
34,7,31.016124838541646,0
34,8,31.622776601683793,0
34,9,43.41658669218482,0
34,10,29.732137494637012,0
34,11,43.840620433565945,0
34,12,68.5054742338158,0
34,13,54.230987451824994,0
34,14,53.71219600798314,0
34,15,24.166091947189145,0
34,16,53.150729063673246,0
34,17,54.08326913195984,0
34,18,70.00714249274856,0
34,19,7.0710678118654755,0
34,20,21.0,0
34,21,20.8806130178211,0
34,22,46.389654018972806,0
34,23,55.10898293381942,0
34,24,60.41522986797286,0
34,25,35.35533905932738,0
34,26,35.34119409414458,0
34,27,19.4164878389476,0
34,28,15.524174696260024,0
34,29,36.22154055254967,0
34,30,25.709920264364882,0
34,31,29.410882339705484,0
34,32,55.362442142665635,0
34,33,30.01666203960727,0
34,34,0.0,0
34,35,6.082762530298219,0
34,36,50.80354318352215,0
34,37,32.7566787083184,0
34,38,48.093658625644196,0
34,39,80.61017305526642,0
34,40,69.42621983083913,0
34,41,67.00746227100382,0
34,42,57.0087712549569,0
34,43,57.688820407423826,0
34,44,57.77542730261716,0
34,45,38.41874542459709,0
34,46,48.27007354458868,0
34,47,37.8549864614954,0
34,48,37.69615364994153,0
34,49,26.68332812825267,0
34,50,39.408120990476064,0
35,0,31.064449134018133,0
35,1,24.413111231467404,0
35,2,12.083045973594572,0
35,3,60.81118318204309,0
35,4,45.27692569068709,0
35,5,47.41307836451879,0
35,6,46.389654018972806,0
35,7,32.7566787083184,0
35,8,37.64306044943742,0
35,9,49.47726750741192,0
35,10,35.0,0
35,11,48.91829923454004,0
35,12,72.80109889280519,0
35,13,57.706152185014034,0
35,14,59.481089431852205,0
35,15,30.083217912982647,0
35,16,58.412327466040935,0
35,17,58.412327466040935,0
35,18,75.07329751649384,0
35,19,12.529964086141668,0
35,20,27.018512172212592,0
35,21,24.186773244895647,0
35,22,48.507731342539614,0
35,23,57.56735185849702,0
35,24,64.00781202322104,0
35,25,36.013886210738214,0
35,26,39.11521443121589,0
35,27,20.09975124224178,0
35,28,21.587033144922902,0
35,29,42.2965719651132,0
35,30,26.0,0
35,31,33.97057550292606,0
35,32,61.40032573203501,0
35,33,36.05551275463989,0
35,34,6.082762530298219,0
35,35,0.0,0
35,36,56.302753041036986,0
35,37,38.47076812334269,0
35,38,54.147945482723536,0
35,39,85.63293758829018,0
35,40,74.24957912338628,0
35,41,72.42237223399962,0
35,42,58.215118311311535,0
35,43,63.28506932918696,0
35,44,63.694583757176716,0
35,45,43.139309220245984,0
35,46,53.03772242470448,0
35,47,40.496913462633174,0
35,48,43.657759905886145,0
35,49,32.7566787083184,0
35,50,43.93176527297759,0
36,0,30.4138126514911,0
36,1,31.906112267087632,0
36,2,46.51881339845203,0
36,3,12.649110640673518,0
36,4,11.313708498984761,0
36,5,27.313000567495326,0
36,6,43.657759905886145,0
36,7,40.01249804748511,0
36,8,22.825424421026653,0
36,9,19.026297590440446,0
36,10,21.470910553583888,0
36,11,10.04987562112089,0
36,12,27.16615541441225,0
36,13,28.284271247461902,0
36,14,7.211102550927978,0
36,15,27.586228448267445,0
36,16,5.0990195135927845,0
36,17,18.601075237738275,0
36,18,21.02379604162864,0
36,19,43.829214001622255,0
36,20,36.05551275463989,0
36,21,36.40054944640259,0
36,22,38.48376280978771,0
36,23,38.41874542459709,0
36,24,29.68164415931166,0
36,25,46.2709412050371,0
36,26,26.076809620810597,0
36,27,46.32493928760188,0
36,28,36.76955262170047,0
36,29,26.476404589747453,0
36,30,47.265209192385896,0
36,31,24.73863375370596,0
36,32,18.439088914585774,0
36,33,31.016124838541646,0
36,34,50.80354318352215,0
36,35,56.302753041036986,0
36,36,0.0,0
36,37,18.384776310850235,0
36,38,27.892651361962706,0
36,39,31.38470965295043,0
36,40,22.561028345356956,0
36,41,16.278820596099706,0
36,42,49.92995093127971,0
36,43,7.280109889280518,0
36,44,13.892443989449804,0
36,45,17.0,0
36,46,12.206555615733702,0
36,47,33.734255586866,0
36,48,17.08800749063506,0
36,49,28.30194339616981,0
36,50,18.110770276274835,0
37,0,18.788294228055936,0
37,1,14.560219778561036,0
37,2,29.832867780352597,0
37,3,26.570660511172846,0
37,4,7.0710678118654755,0
37,5,26.832815729997478,0
37,6,39.59797974644666,0
37,7,30.4138126514911,0
37,8,7.280109889280518,0
37,9,15.231546211727817,0
37,10,6.708203932499369,0
37,11,14.317821063276353,0
37,12,41.23105625617661,0
37,13,33.734255586866,0
37,14,21.02379604162864,0
37,15,9.219544457292887,0
37,16,21.633307652783937,0
37,17,28.071337695236398,0
37,18,38.8329756778952,0
37,19,25.942243542145693,0
37,20,18.384776310850235,0
37,21,22.20360331117452,0
37,22,36.40054944640259,0
37,23,40.718546143004666,0
37,24,38.118237105091836,0
37,25,37.589892258425,0
37,26,19.849433241279208,0
37,27,32.0624390837628,0
37,28,18.384776310850235,0
37,29,15.264337522473747,0
37,30,34.92849839314596,0
37,31,13.038404810405298,0
37,32,25.019992006393608,0
37,33,16.1245154965971,0
37,34,32.7566787083184,0
37,35,38.47076812334269,0
37,36,18.384776310850235,0
37,37,0.0,0
37,38,24.413111231467404,0
37,39,49.4064773081425,0
37,40,39.35733730830886,0
37,41,34.655446902326915,0
37,42,49.4064773081425,0
37,43,25.0,0
37,44,25.709920264364882,0
37,45,13.601470508735444,0
37,46,20.223748416156685,0
37,47,28.284271247461902,0
37,48,7.615773105863909,0
37,49,11.180339887498949,0
37,50,15.811388300841896,0
38,0,43.04648650006177,0
38,1,35.4400902933387,0
38,2,49.49747468305833,0
38,3,40.52159917870962,0
38,4,24.20743687382041,0
38,5,49.678969393496885,0
38,6,63.7808748764079,0
38,7,54.70831746635972,0
38,8,19.313207915827967,0
38,9,10.0,0
38,10,31.064449134018133,0
38,11,32.7566787083184,0
38,12,54.91812087098393,0
38,13,54.20332093147061,0
38,14,23.021728866442675,0
38,15,26.92582403567252,0
38,16,32.984845004941285,0
38,17,45.69463863518345,0
38,18,46.04345773288535,0
38,19,43.04648650006177,0
38,20,27.16615541441225,0
38,21,45.31004303683677,0
38,22,60.108235708594876,0
38,23,63.00793600809346,0
38,24,56.859475903318,0
38,25,61.91122676865643,0
38,26,43.93176527297759,0
38,27,54.405882034941776,0
38,28,33.015148038438355,0
38,29,12.041594578792296,0
38,30,58.309518948453004,0
38,31,37.44329045369811,0
38,32,13.92838827718412,0
38,33,18.110770276274835,0
38,34,48.093658625644196,0
38,35,54.147945482723536,0
38,36,27.892651361962706,0
38,37,24.413111231467404,0
38,38,0.0,0
38,39,54.74486277268398,0
38,40,49.040799340956916,0
38,41,38.3275357934736,0
38,42,72.91776189653656,0
38,43,29.0,0
38,44,20.615528128088304,0
38,45,36.124783736376884,0
38,46,38.01315561749642,0
38,47,52.49761899362675,0
38,48,17.029386365926403,0
38,49,22.20360331117452,0
38,50,38.28837943815329,0
39,0,56.0357029044876,0
39,1,61.5223536610881,0
39,2,74.65252842335616,0
39,3,25.0,0
39,4,42.43819034784589,0
39,5,44.01136216933077,0
39,6,58.249463516842795,0
39,7,61.741396161732524,0
39,8,54.20332093147061,0
39,9,48.38388161361178,0
39,10,50.93132631298737,0
39,11,36.76955262170047,0
39,12,19.0,0
39,13,36.6742416417845,0
39,14,32.57299494980466,0
39,15,58.60034129593445,0
39,16,27.80287754891569,0
39,17,29.546573405388315,0
39,18,10.63014581273465,0
39,19,73.53910524340094,0
39,20,67.4166151627327,0
39,21,63.00793600809346,0
39,22,52.172789842982326,0
39,23,46.09772228646444,0
39,24,32.0624390837628,0
39,25,65.7875368135941,0
39,26,48.877397639399746,0
39,27,71.8679344353238,0
39,28,67.62396025078685,0
39,29,57.0087712549569,0
39,30,70.66116330771806,0
39,31,51.85556864985669,0
39,32,41.19465984809196,0
39,33,62.16912416947821,0
39,34,80.61017305526642,0
39,35,85.63293758829018,0
39,36,31.38470965295043,0
39,37,49.4064773081425,0
39,38,54.74486277268398,0
39,39,0.0,0
39,40,12.083045973594572,0
39,41,16.492422502470642,0
39,42,58.0,0
39,43,26.570660511172846,0
39,44,34.23448553724738,0
39,45,42.638011210655684,0
39,46,32.802438933713454,0
39,47,52.92447448959697,0
39,48,48.30113870293329,0
39,49,59.682493245507096,0
39,50,42.20189569201838,0
40,0,44.204072210600685,0
40,1,50.44799302251776,0
40,2,63.0317380372777,0
40,3,13.45362404707371,0
40,4,32.69556544854363,0
40,5,31.953090617340916,0
40,6,46.52956049652737,0
40,7,49.658836071740545,0
40,8,44.94441010848846,0
40,9,41.19465984809196,0
40,10,40.0,0
40,11,25.80697580112788,0
40,12,9.433981132056603,0
40,13,25.079872407968907,0
40,14,26.019223662515376,0
40,15,48.373546489791295,0
40,16,18.027756377319946,0
40,17,17.46424919657298,0
40,18,5.0,0
40,19,62.369864518050704,0
40,20,57.697486947006624,0
40,21,51.22499389946279,0
40,22,40.44749683231337,0
40,23,35.05709628591621,0
40,24,21.213203435596427,0
40,25,53.75872022286245,0
40,26,36.89173349139343,0
40,27,59.90826320300064,0
40,28,57.14017850864661,0
40,29,49.03060268852505,0
40,30,58.59180830116101,0
40,31,40.311288741492746,0
40,32,36.6742416417845,0
40,33,53.45091205957107,0
40,34,69.42621983083913,0
40,35,74.24957912338628,0
40,36,22.561028345356956,0
40,37,39.35733730830886,0
40,38,49.040799340956916,0
40,39,12.083045973594572,0
40,40,0.0,0
40,41,13.038404810405298,0
40,42,47.265209192385896,0
40,43,20.09975124224178,0
40,44,29.832867780352597,0
40,45,31.11269837220809,0
40,46,21.213203435596427,0
40,47,40.85339643163099,0
40,48,39.56008088970496,0
40,49,50.15974481593781,0
40,50,30.479501308256342,0
41,0,44.94441010848846,0
41,1,48.010415536631214,0
41,2,62.26556030423239,0
41,3,16.0312195418814,0
41,4,27.586228448267445,0
41,5,37.0,0
41,6,53.150729063673246,0
41,7,52.952809179494906,0
41,8,38.600518131237564,0
41,9,31.953090617340916,0
41,10,37.44329045369811,0
41,11,24.166091947189145,0
41,12,21.93171219946131,0
41,13,33.24154027718932,0
41,14,16.15549442140351,0
41,15,43.840620433565945,0
41,16,14.317821063276353,0
41,17,23.345235059857504,0
41,18,8.54400374531753,0
41,19,60.0,0
41,20,52.009614495783374,0
41,21,51.478150704935004,0
41,22,47.265209192385896,0
41,23,43.965895873961216,0
41,24,31.304951684997057,0
41,25,58.309518948453004,0
41,26,39.05124837953327,0
41,27,61.09828148156051,0
41,28,53.03772242470448,0
41,29,40.718546143004666,0
41,30,61.1310068623117,0
41,31,39.81205847478876,0
41,32,25.0,0
41,33,46.14108798023731,0
41,34,67.00746227100382,0
41,35,72.42237223399962,0
41,36,16.278820596099706,0
41,37,34.655446902326915,0
41,38,38.3275357934736,0
41,39,16.492422502470642,0
41,40,13.038404810405298,0
41,41,0.0,0
41,42,56.32051136131489,0
41,43,10.295630140987,0
41,44,18.0,0
41,45,31.016124838541646,0
41,46,22.360679774997898,0
41,47,45.17742799230607,0
41,48,32.449961479175904,0
41,49,44.204072210600685,0
41,50,31.32091952673165,0
42,0,34.17601498127012,0
42,1,46.486557196677836,0
42,2,47.0,0
42,3,40.85339643163099,0
42,4,48.79549159502341,0
42,5,23.345235059857504,0
42,6,12.041594578792296,0
42,7,26.076809620810597,0
42,8,56.302753041036986,0
42,9,62.96824596572466,0
42,10,43.56604182158393,0
42,11,41.23105625617661,0
42,12,39.0,0
42,13,23.08679276123039,0
42,14,57.14017850864661,0
42,15,52.32590180780452,0
42,16,46.52956049652737,0
42,17,33.24154027718932,0
42,18,51.62363799656123,0
42,19,52.3450093132096,0
42,20,61.09828148156051,0
42,21,37.656340767525464,0
42,22,13.038404810405298,0
42,23,12.36931687685298,0
42,24,26.076809620810597,0
42,25,22.360679774997898,0
42,26,29.68164415931166,0
42,27,38.118237105091836,0
42,28,55.362442142665635,0
42,29,64.63745044476924,0
42,30,32.38826948140329,0
42,31,37.589892258425,0
42,32,67.80117993073571,0
42,33,64.00781202322104,0
42,34,57.0087712549569,0
42,35,58.215118311311535,0
42,36,49.92995093127971,0
42,37,49.4064773081425,0
42,38,72.91776189653656,0
42,39,58.0,0
42,40,47.265209192385896,0
42,41,56.32051136131489,0
42,42,0.0,0
42,43,55.00909015790027,0
42,44,63.812224534175265,0
42,45,36.796738985948195,0
42,46,37.73592452822641,0
42,47,21.93171219946131,0
42,48,56.08029957123981,0
42,49,57.706152185014034,0
42,50,34.655446902326915,0
43,0,37.656340767525464,0
43,1,38.948684188300895,0
43,2,53.71219600798314,0
43,3,14.866068747318506,0
43,4,18.027756377319946,0
43,5,33.24154027718932,0
43,6,49.72926703662542,0
43,7,47.01063709417264,0
43,8,28.42534080710379,0
43,9,21.840329667841555,0
43,10,28.635642126552707,0
43,11,17.029386365926403,0
43,12,26.92582403567252,0
43,13,32.449961479175904,0
43,14,6.082762530298219,0
43,15,34.058772731852805,0
43,16,8.54400374531753,0
43,17,22.20360331117452,0
43,18,17.11724276862369,0
43,19,50.774009099144415,0
43,20,41.86884283091664,0
43,21,43.68065933568311,0
43,22,44.27188724235731,0
43,23,43.04648650006177,0
43,24,32.526911934581186,0
43,25,53.08483775994799,0
43,26,33.0,0
43,27,53.600373133029585,0
43,28,43.278170016764804,0
43,29,30.463092423455635,0
43,30,54.45181356024793,0
43,31,32.01562118716424,0
43,32,16.76305461424021,0
43,33,35.84689665786984,0
43,34,57.688820407423826,0
43,35,63.28506932918696,0
43,36,7.280109889280518,0
43,37,25.0,0
43,38,29.0,0
43,39,26.570660511172846,0
43,40,20.09975124224178,0
43,41,10.295630140987,0
43,42,55.00909015790027,0
43,43,0.0,0
43,44,10.295630140987,0
43,45,24.08318915758459,0
43,46,17.72004514666935,0
43,47,40.311288741492746,0
43,48,22.20360331117452,0
43,49,34.058772731852805,0
43,50,25.0,0
44,0,42.04759208325728,0
44,1,40.26164427839479,0
44,2,55.54277630799526,0
44,3,24.839484696748443,0
44,4,20.024984394500787,0
44,5,41.14608122288197,0
44,6,57.38466694161429,0
44,7,52.61178575186362,0
44,8,26.419689627245813,0
44,9,16.278820596099706,0
44,10,31.144823004794873,0
44,11,23.40939982143925,0
44,12,37.16180835212409,0
44,13,41.86884283091664,0
44,14,6.708203932499369,0
44,15,33.61547262794322,0
44,16,17.69180601295413,0
44,17,31.827660925679098,0
44,18,26.1725046566048,0
44,19,51.264022471905186,0
44,20,39.408120990476064,0
44,21,47.095647357266465,0
44,22,52.32590180780452,0
44,23,52.20153254455275,0
44,24,42.5205832509386,0
44,25,59.22837157984339,0
44,26,39.05124837953327,0
44,27,57.14017850864661,0
44,28,42.485291572496,0
44,29,25.495097567963924,0
44,30,59.033888572581766,0
44,31,36.013886210738214,0
44,32,7.0,0
44,33,31.827660925679098,0
44,34,57.77542730261716,0
44,35,63.694583757176716,0
44,36,13.892443989449804,0
44,37,25.709920264364882,0
44,38,20.615528128088304,0
44,39,34.23448553724738,0
44,40,29.832867780352597,0
44,41,18.0,0
44,42,63.812224534175265,0
44,43,10.295630140987,0
44,44,0.0,0
44,45,29.832867780352597,0
44,46,26.076809620810597,0
44,47,47.12748667179272,0
44,48,20.12461179749811,0
44,49,31.906112267087632,0
44,50,31.32091952673165,0
45,0,13.92838827718412,0
45,1,19.72308292331602,0
45,2,32.01562118716424,0
45,3,17.69180601295413,0
45,4,12.041594578792296,0
45,5,13.601470508735444,0
45,6,28.30194339616981,0
45,7,23.021728866442675,0
45,8,20.8806130178211,0
45,9,26.1725046566048,0
45,10,10.198039027185569,0
45,11,7.0710678118654755,0
45,12,30.4138126514911,0
45,13,20.223748416156685,0
45,14,23.345235059857504,0
45,15,20.09975124224178,0
45,16,16.76305461424021,0
45,17,16.15549442140351,0
45,18,32.202484376209235,0
45,19,31.400636936215164,0
45,20,30.14962686336267,0
45,21,20.591260281974,0
45,22,24.08318915758459,0
45,23,27.294688127912362,0
45,24,25.019992006393608,0
45,25,29.427877939124322,0
45,26,9.219544457292887,0
45,27,30.083217912982647,0
45,28,27.51363298439521,0
45,29,28.635642126552707,0
45,30,30.4138126514911,0
45,31,9.219544457292887,0
45,32,32.202484376209235,0
45,33,29.614185789921695,0
45,34,38.41874542459709,0
45,35,43.139309220245984,0
45,36,17.0,0
45,37,13.601470508735444,0
45,38,36.124783736376884,0
45,39,42.638011210655684,0
45,40,31.11269837220809,0
45,41,31.016124838541646,0
45,42,36.796738985948195,0
45,43,24.08318915758459,0
45,44,29.832867780352597,0
45,45,0.0,0
45,46,9.899494936611665,0
45,47,17.46424919657298,0
45,48,19.4164878389476,0
45,49,24.08318915758459,0
45,50,2.23606797749979,0
46,0,23.323807579381203,0
46,1,29.410882339705484,0
46,2,41.86884283091664,0
46,3,7.810249675906654,0
46,4,15.132745950421556,0
46,5,15.524174696260024,0
46,6,32.01562118716424,0
46,7,30.59411708155671,0
46,8,27.018512172212592,0
46,9,28.231188426986208,0
46,10,19.235384061671343,0
46,11,6.0,0
46,12,21.18962010041709,0
46,13,16.401219466856727,0
46,14,19.4164878389476,0
46,15,28.460498941515414,0
46,16,9.219544457292887,0
46,17,8.06225774829855,0
46,18,22.47220505424423,0
46,19,41.23105625617661,0
46,20,38.3275357934736,0
46,21,30.23243291566195,0
46,22,26.570660511172846,0
46,23,26.248809496813376,0
46,24,18.973665961010276,0
46,25,36.05551275463989,0
46,26,16.76305461424021,0
46,27,39.35733730830886,0
46,28,36.6742416417845,0
46,29,33.37663853655727,0
46,30,38.897300677553446,0
46,31,19.1049731745428,0
46,32,30.4138126514911,0
46,33,36.013886210738214,0
46,34,48.27007354458868,0
46,35,53.03772242470448,0
46,36,12.206555615733702,0
46,37,20.223748416156685,0
46,38,38.01315561749642,0
46,39,32.802438933713454,0
46,40,21.213203435596427,0
46,41,22.360679774997898,0
46,42,37.73592452822641,0
46,43,17.72004514666935,0
46,44,26.076809620810597,0
46,45,9.899494936611665,0
46,46,0.0,0
46,47,23.0,0
46,48,23.345235059857504,0
46,49,31.400636936215164,0
46,50,9.433981132056603,0
47,0,12.36931687685298,0
47,1,24.73863375370596,0
47,2,28.460498941515414,0
47,3,29.427877939124322,0
47,4,29.154759474226502,0
47,5,8.94427190999916,0
47,6,11.313708498984761,0
47,7,9.219544457292887,0
47,8,34.828149534535996,0
47,9,42.80186911806539,0
47,10,22.02271554554524,0
47,11,23.769728648009426,0
47,12,36.05551275463989,0
47,13,18.384776310850235,0
47,14,40.52159917870962,0
47,15,30.4138126514911,0
47,16,32.0624390837628,0
47,17,23.40939982143925,0
47,18,43.68065933568311,0
47,19,32.14031735997639,0
47,20,39.21734310225516,0
47,21,17.11724276862369,0
47,22,9.219544457292887,0
47,23,17.26267650163207,0
47,24,24.758836806279895,0
47,25,13.152946437965905,0
47,26,8.602325267042627,0
47,27,21.633307652783937,0
47,28,33.734255586866,0
47,29,43.278170016764804,0
47,30,18.439088914585774,0
47,31,15.811388300841896,0
47,32,49.658836071740545,0
47,33,42.190046219457976,0
47,34,37.8549864614954,0
47,35,40.496913462633174,0
47,36,33.734255586866,0
47,37,28.284271247461902,0
47,38,52.49761899362675,0
47,39,52.92447448959697,0
47,40,40.85339643163099,0
47,41,45.17742799230607,0
47,42,21.93171219946131,0
47,43,40.311288741492746,0
47,44,47.12748667179272,0
47,45,17.46424919657298,0
47,46,23.0,0
47,47,0.0,0
47,48,35.4682957019364,0
47,49,35.84689665786984,0
47,50,15.811388300841896,0
48,0,26.40075756488817,0
48,1,21.02379604162864,0
48,2,36.22154055254967,0
48,3,28.071337695236398,0
48,4,8.246211251235321,0
48,5,33.015148038438355,0
48,6,46.75467891024384,0
48,7,38.01315561749642,0
48,8,6.4031242374328485,0
48,9,7.615773105863909,0
48,10,14.317821063276353,0
48,11,17.46424919657298,0
48,12,43.104524124504614,0
48,13,38.62641583165593,0
48,14,16.97056274847714,0
48,15,13.601470508735444,0
48,16,21.587033144922902,0
48,17,31.400636936215164,0
48,18,38.07886552931954,0
48,19,31.32091952673165,0
48,20,19.79898987322333,0
48,21,29.614185789921695,0
48,22,43.18564576337837,0
48,23,46.647615158762406,0
48,24,42.20189569201838,0
48,25,45.17742799230607,0
48,26,26.90724809414742,0
48,27,39.319206502675,0
48,28,22.360679774997898,0
48,29,10.04987562112089,0
48,30,42.44997055358225,0
48,31,20.591260281974,0
48,32,18.110770276274835,0
48,33,13.92838827718412,0
48,34,37.69615364994153,0
48,35,43.657759905886145,0
48,36,17.08800749063506,0
48,37,7.615773105863909,0
48,38,17.029386365926403,0
48,39,48.30113870293329,0
48,40,39.56008088970496,0
48,41,32.449961479175904,0
48,42,56.08029957123981,0
48,43,22.20360331117452,0
48,44,20.12461179749811,0
48,45,19.4164878389476,0
48,46,23.345235059857504,0
48,47,35.4682957019364,0
48,48,0.0,0
48,49,12.041594578792296,0
48,50,21.633307652783937,0
49,0,24.20743687382041,0
49,1,13.892443989449804,0
49,2,27.294688127912362,0
49,3,37.64306044943742,0
49,4,17.46424919657298,0
49,5,36.40054944640259,0
49,6,46.87216658103186,0
49,7,35.35533905932738,0
49,8,5.656854249492381,0
49,9,16.76305461424021,0
49,10,14.560219778561036,0
49,11,25.495097567963924,0
49,12,52.392747589718944,0
49,13,44.28317965096906,0
49,14,29.0,0
49,15,5.656854249492381,0
49,16,32.202484376209235,0
49,17,39.20459156782532,0
49,18,49.24428900898052,0
49,19,21.02379604162864,0
49,20,7.810249675906654,0
49,21,24.413111231467404,0
49,22,44.721359549995796,0
49,23,50.28916384272063,0
49,24,49.01020301937138,0
49,25,42.44997055358225,0
49,26,28.231188426986208,0
49,27,32.69556544854363,0
49,28,11.180339887498949,0
49,29,10.198039027185569,0
49,30,37.21558813185679,0
49,31,20.12461179749811,0
49,32,28.792360097775937,0
49,33,6.4031242374328485,0
49,34,26.68332812825267,0
49,35,32.7566787083184,0
49,36,28.30194339616981,0
49,37,11.180339887498949,0
49,38,22.20360331117452,0
49,39,59.682493245507096,0
49,40,50.15974481593781,0
49,41,44.204072210600685,0
49,42,57.706152185014034,0
49,43,34.058772731852805,0
49,44,31.906112267087632,0
49,45,24.08318915758459,0
49,46,31.400636936215164,0
49,47,35.84689665786984,0
49,48,12.041594578792296,0
49,49,0.0,0
49,50,26.1725046566048,0
50,0,13.892443989449804,0
50,1,21.02379604162864,0
50,2,32.55764119219941,0
50,3,17.204650534085253,0
50,4,14.142135623730951,0
50,5,11.40175425099138,0
50,6,26.419689627245813,0
50,7,22.02271554554524,0
50,8,23.08679276123039,0
50,9,28.319604517012593,0
50,10,12.041594578792296,0
50,11,8.06225774829855,0
50,12,29.154759474226502,0
50,13,18.110770276274835,0
50,14,24.73863375370596,0
50,15,22.02271554554524,0
50,16,17.26267650163207,0
50,17,14.7648230602334,0
50,18,31.906112267087632,0
50,19,32.449961479175904,0
50,20,32.0624390837628,0
50,21,20.808652046684813,0
50,22,22.02271554554524,0
50,23,25.059928172283335,0
50,24,23.08679276123039,0
50,25,28.160255680657446,0
50,26,8.0,0
50,27,29.966648127543394,0
50,28,29.120439557122072,0
50,29,30.870698080866262,0
50,30,29.832867780352597,0
50,31,10.0,0
50,32,34.0,0
50,33,31.78049716414141,0
50,34,39.408120990476064,0
50,35,43.93176527297759,0
50,36,18.110770276274835,0
50,37,15.811388300841896,0
50,38,38.28837943815329,0
50,39,42.20189569201838,0
50,40,30.479501308256342,0
50,41,31.32091952673165,0
50,42,34.655446902326915,0
50,43,25.0,0
50,44,31.32091952673165,0
50,45,2.23606797749979,0
50,46,9.433981132056603,0
50,47,15.811388300841896,0
50,48,21.633307652783937,0
50,49,26.1725046566048,0
50,50,0.0,0
